coefficient_default_order_4,coefficient_pass10_order_4
8.0063595704109538,7.9457799955273938
4.0893951565842395,4.0279073571079183
0,0
-4.0893951565842395,-4.0279073571079183
-8.0063595704109538,-7.9457799955273938
